Card_Name,Rarity,RH?,Number,Market Price,Listed Median,Adjusted Price,Slot 1 (Common),Slot 2 (Common),Slot 3 (Common),Slot 4 (Common),Slot 5 (Common),Slot 6 (Uncommon),Slot 7 (Uncommon),Slot 8 (Uncommon),Slot 9 (Radiant/TG/RH),Slot 10 (Rare+),Slot 11 (Code)
Venonat,Common,No,001/195,$0.04 ,$0.07 ,$0.10 ,0.018867925,0.018867925,0.018867925,0.018867925,0.018867925,0,0,0,0,0,0
Venomoth,Uncommon,No,002/195,$0.05 ,$0.08 ,$0.10 ,0,0,0,0,0,0.017857143,0.017857143,0.017857143,0,0,0
Spinarak,Common,No,003/195,$0.02 ,$0.05 ,$0.10 ,0.018867925,0.018867925,0.018867925,0.018867925,0.018867925,0,0,0,0,0,0
Ariados,Rare,No,004/195,$0.12 ,—,$0.25 ,0,0,0,0,0,0,0,0,0,0.02252,0
Sunkern,Common,No,005/195,$0.03 ,$0.05 ,$0.10 ,0.018867925,0.018867925,0.018867925,0.018867925,0.018867925,0,0,0,0,0,0
Sunflora,Uncommon,No,006/195,$0.06 ,$0.08 ,$0.10 ,0,0,0,0,0,0.017857143,0.017857143,0.017857143,0,0,0
Serperior V,Normal Pokemon V,No,007/195,$0.79 ,—,$1.00 ,0,0,0,0,0,0,0,0,0,0.0077,0
Serperior VSTAR,Pokemon VMAX or VSTAR,No,008/195,$1.27 ,—,$1.40 ,0,0,0,0,0,0,0,0,0,0.005314286,0
Petilil,Common,No,009/195,$0.02 ,$0.05 ,$0.10 ,0.018867925,0.018867925,0.018867925,0.018867925,0.018867925,0,0,0,0,0,0
Hisuian Lilligant,Rare,No,010/195,$0.11 ,$0.12 ,$0.25 ,0,0,0,0,0,0,0,0,0,0.02252,0
Foongus,Common,No,011/195,$0.02 ,$0.05 ,$0.10 ,0.018867925,0.018867925,0.018867925,0.018867925,0.018867925,0,0,0,0,0,0
Amoonguss,Rare,No,012/195,$0.14 ,$0.14 ,$0.25 ,0,0,0,0,0,0,0,0,0,0.02252,0
Durant,Common,No,013/195,$0.02 ,$0.06 ,$0.10 ,0.018867925,0.018867925,0.018867925,0.018867925,0.018867925,0,0,0,0,0,0
Virizion,Rare,No,014/195,$0.11 ,$0.13 ,$0.25 ,0,0,0,0,0,0,0,0,0,0.02252,0
Chesnaught V,Normal Pokemon V,No,015/195,$0.69 ,—,$1.00 ,0,0,0,0,0,0,0,0,0,0.0077,0
Radiant Tsareena,Radiant Rare,No,016/195,$0.64 ,—,$1.00 ,0,0,0,0,0,0,0,0,0.015166667,0,0
Vulpix,Common,No,017/195,$0.03 ,$0.06 ,$0.10 ,0.018867925,0.018867925,0.018867925,0.018867925,0.018867925,0,0,0,0,0,0
Ninetales,Uncommon,No,018/195,$0.04 ,$0.10 ,$0.10 ,0,0,0,0,0,0.017857143,0.017857143,0.017857143,0,0,0
Growlithe,Common,No,019/195,$0.05 ,$0.06 ,$0.10 ,0.018867925,0.018867925,0.018867925,0.018867925,0.018867925,0,0,0,0,0,0
Arcanine,Rare,No,020/195,$0.14 ,$0.15 ,$0.25 ,0,0,0,0,0,0,0,0,0,0.02252,0
Ponyta,Common,No,021/195,$0.06 ,$0.07 ,$0.10 ,0.018867925,0.018867925,0.018867925,0.018867925,0.018867925,0,0,0,0,0,0
Rapidash,Rare,No,022/195,$0.22 ,—,$0.25 ,0,0,0,0,0,0,0,0,0,0.02252,0
Victini,Rare,No,023/195,$0.12 ,$0.12 ,$0.25 ,0,0,0,0,0,0,0,0,0,0.02252,0
Reshiram V,Normal Pokemon V,No,024/195,$0.70 ,—,$1.00 ,0,0,0,0,0,0,0,0,0,0.0077,0
Fennekin,Common,No,025/195,$0.04 ,$0.06 ,$0.10 ,0.018867925,0.018867925,0.018867925,0.018867925,0.018867925,0,0,0,0,0,0
Braixen,Uncommon,No,026/195,$0.04 ,$0.07 ,$0.10 ,0,0,0,0,0,0.017857143,0.017857143,0.017857143,0,0,0
Delphox,Rare,No,027/195,$0.10 ,$0.13 ,$0.25 ,0,0,0,0,0,0,0,0,0,0.02252,0
Fletchinder,Uncommon,No,028/195,$0.04 ,$0.06 ,$0.10 ,0,0,0,0,0,0.017857143,0.017857143,0.017857143,0,0,0
Talonflame,Rare,No,029/195,$0.07 ,$0.12 ,$0.25 ,0,0,0,0,0,0,0,0,0,0.02252,0
Litten,Common,No,030/195,$0.07 ,$0.06 ,$0.10 ,0.018867925,0.018867925,0.018867925,0.018867925,0.018867925,0,0,0,0,0,0
Torracat,Uncommon,No,031/195,$0.06 ,$0.08 ,$0.10 ,0,0,0,0,0,0.017857143,0.017857143,0.017857143,0,0,0
Incineroar,Rare,No,032/195,$0.12 ,$0.15 ,$0.25 ,0,0,0,0,0,0,0,0,0,0.02252,0
Alolan Vulpix V,Normal Pokemon V,No,033/195,$0.81 ,—,$1.00 ,0,0,0,0,0,0,0,0,0,0.0077,0
Alolan Vulpix VSTAR,Pokemon VMAX or VSTAR,No,034/195,$1.79 ,—,$1.97 ,0,0,0,0,0,0,0,0,0,0.005314286,0
Omastar V,Normal Pokemon V,No,035/195,$0.77 ,—,$1.00 ,0,0,0,0,0,0,0,0,0,0.0077,0
Articuno,Rare,No,036/195,$0.34 ,—,$0.50 ,0,0,0,0,0,0,0,0,0,0.02252,0
Wailmer,Common,No,037/195,$0.04 ,$0.07 ,$0.10 ,0.018867925,0.018867925,0.018867925,0.018867925,0.018867925,0,0,0,0,0,0
Wailord,Uncommon,No,038/195,$0.06 ,$0.10 ,$0.10 ,0,0,0,0,0,0.017857143,0.017857143,0.017857143,0,0,0
Feebas,Common,No,039/195,$0.05 ,$0.06 ,$0.10 ,0.018867925,0.018867925,0.018867925,0.018867925,0.018867925,0,0,0,0,0,0
Milotic,Rare,No,040/195,$0.10 ,$0.13 ,$0.25 ,0,0,0,0,0,0,0,0,0,0.02252,0
Snorunt,Common,No,041/195,$0.03 ,$0.05 ,$0.10 ,0.018867925,0.018867925,0.018867925,0.018867925,0.018867925,0,0,0,0,0,0
Glalie,Uncommon,No,042/195,$0.06 ,$0.08 ,$0.10 ,0,0,0,0,0,0.017857143,0.017857143,0.017857143,0,0,0
Froslass,Rare,No,043/195,$0.07 ,$0.10 ,$0.25 ,0,0,0,0,0,0,0,0,0,0.02252,0
Relicanth,Common,No,044/195,$0.03 ,$0.05 ,$0.10 ,0.018867925,0.018867925,0.018867925,0.018867925,0.018867925,0,0,0,0,0,0
Phione,Rare,No,045/195,$0.09 ,$0.10 ,$0.25 ,0,0,0,0,0,0,0,0,0,0.02252,0
Keldeo,Rare,No,046/195,$0.07 ,$0.13 ,$0.25 ,0,0,0,0,0,0,0,0,0,0.02252,0
Dewpider,Common,No,047/195,$0.02 ,$0.05 ,$0.10 ,0.018867925,0.018867925,0.018867925,0.018867925,0.018867925,0,0,0,0,0,0
Araquanid,Uncommon,No,048/195,$0.04 ,$0.06 ,$0.10 ,0,0,0,0,0,0.017857143,0.017857143,0.017857143,0,0,0
Pikachu,Common,No,049/195,$0.07 ,$0.10 ,$0.10 ,0.018867925,0.018867925,0.018867925,0.018867925,0.018867925,0,0,0,0,0,0
Raichu,Uncommon,No,050/195,$0.06 ,$0.10 ,$0.10 ,0,0,0,0,0,0.017857143,0.017857143,0.017857143,0,0,0
Chinchou,Common,No,051/195,$0.02 ,$0.05 ,$0.10 ,0.018867925,0.018867925,0.018867925,0.018867925,0.018867925,0,0,0,0,0,0
Lanturn,Uncommon,No,052/195,$0.04 ,$0.08 ,$0.10 ,0,0,0,0,0,0.017857143,0.017857143,0.017857143,0,0,0
Rotom,Common,No,053/195,$0.03 ,$0.05 ,$0.10 ,0.018867925,0.018867925,0.018867925,0.018867925,0.018867925,0,0,0,0,0,0
Emolga,Common,No,054/195,$0.03 ,$0.05 ,$0.10 ,0.018867925,0.018867925,0.018867925,0.018867925,0.018867925,0,0,0,0,0,0
Stunfisk,Common,No,055/195,$0.02 ,$0.05 ,$0.10 ,0.018867925,0.018867925,0.018867925,0.018867925,0.018867925,0,0,0,0,0,0
Zeraora,Rare,No,056/195,$0.17 ,$0.16 ,$0.25 ,0,0,0,0,0,0,0,0,0,0.02252,0
Regieleki V,Normal Pokemon V,No,057/195,$1.17 ,—,$1.29 ,0,0,0,0,0,0,0,0,0,0.0077,0
Regieleki VMAX,Pokemon VMAX or VSTAR,No,058/195,$1.98 ,—,$2.18 ,0,0,0,0,0,0,0,0,0,0.005314286,0
Radiant Alakazam,Radiant Rare,No,059/195,$1.07 ,—,$1.18 ,0,0,0,0,0,0,0,0,0.015166667,0,0
Drowzee,Common,No,060/195,$0.03 ,$0.05 ,$0.10 ,0.018867925,0.018867925,0.018867925,0.018867925,0.018867925,0,0,0,0,0,0
Hypno,Uncommon,No,061/195,$0.07 ,$0.08 ,$0.10 ,0,0,0,0,0,0.017857143,0.017857143,0.017857143,0,0,0
Jynx,Uncommon,No,062/195,$0.04 ,$0.09 ,$0.10 ,0,0,0,0,0,0.017857143,0.017857143,0.017857143,0,0,0
Misdreavus,Common,No,063/195,$0.05 ,$0.06 ,$0.10 ,0.018867925,0.018867925,0.018867925,0.018867925,0.018867925,0,0,0,0,0,0
Mismagius,Rare,No,064/195,$0.14 ,$0.15 ,$0.25 ,0,0,0,0,0,0,0,0,0,0.02252,0
Unown V,Normal Pokemon V,No,065/195,$0.80 ,—,$1.00 ,0,0,0,0,0,0,0,0,0,0.0077,0
Unown VSTAR,Pokemon VMAX or VSTAR,No,066/195,$0.93 ,—,$1.00 ,0,0,0,0,0,0,0,0,0,0.005314286,0
Ralts,Common,No,067/195,$0.07 ,$0.10 ,$0.10 ,0.018867925,0.018867925,0.018867925,0.018867925,0.018867925,0,0,0,0,0,0
Kirlia,Uncommon,No,068/195,$0.30 ,$0.39 ,$0.50 ,0,0,0,0,0,0.017857143,0.017857143,0.017857143,0,0,0
Gardevoir,Rare,No,069/195,$0.09 ,$0.13 ,$0.25 ,0,0,0,0,0,0,0,0,0,0.02252,0
Mawile V,Normal Pokemon V,No,070/195,$0.56 ,—,$1.00 ,0,0,0,0,0,0,0,0,0,0.0077,0
Mawile VSTAR,Pokemon VMAX or VSTAR,No,071/195,$0.90 ,—,$1.00 ,0,0,0,0,0,0,0,0,0,0.005314286,0
Meditite,Common,No,072/195,$0.04 ,$0.06 ,$0.10 ,0.018867925,0.018867925,0.018867925,0.018867925,0.018867925,0,0,0,0,0,0
Medicham,Rare,No,073/195,$0.14 ,—,$0.25 ,0,0,0,0,0,0,0,0,0,0.02252,0
Chimecho,Common,No,074/195,$0.03 ,$0.05 ,$0.10 ,0.018867925,0.018867925,0.018867925,0.018867925,0.018867925,0,0,0,0,0,0
Sigilyph,Uncommon,No,075/195,$0.04 ,$0.07 ,$0.10 ,0,0,0,0,0,0.017857143,0.017857143,0.017857143,0,0,0
Solosis,Common,No,076/195,$0.03 ,$0.05 ,$0.10 ,0.018867925,0.018867925,0.018867925,0.018867925,0.018867925,0,0,0,0,0,0
Duosion,Uncommon,No,077/195,$0.04 ,$0.05 ,$0.10 ,0,0,0,0,0,0.017857143,0.017857143,0.017857143,0,0,0
Reuniclus,Rare,No,078/195,$0.21 ,—,$0.25 ,0,0,0,0,0,0,0,0,0,0.02252,0
Elgyem,Common,No,079/195,$0.01 ,$0.05 ,$0.10 ,0.018867925,0.018867925,0.018867925,0.018867925,0.018867925,0,0,0,0,0,0
Beheeyem,Uncommon,No,080/195,$0.04 ,$0.08 ,$0.10 ,0,0,0,0,0,0.017857143,0.017857143,0.017857143,0,0,0
Espurr,Common,No,081/195,$0.02 ,$0.06 ,$0.10 ,0.018867925,0.018867925,0.018867925,0.018867925,0.018867925,0,0,0,0,0,0
Meowstic,Uncommon,No,082/195,$0.04 ,$0.08 ,$0.10 ,0,0,0,0,0,0.017857143,0.017857143,0.017857143,0,0,0
Swirlix,Common,No,083/195,$0.03 ,$0.05 ,$0.10 ,0.018867925,0.018867925,0.018867925,0.018867925,0.018867925,0,0,0,0,0,0
Slurpuff,Uncommon,No,084/195,$0.04 ,$0.07 ,$0.10 ,0,0,0,0,0,0.017857143,0.017857143,0.017857143,0,0,0
Dedenne,Uncommon,No,085/195,$0.04 ,$0.08 ,$0.10 ,0,0,0,0,0,0.017857143,0.017857143,0.017857143,0,0,0
Indeedee,Common,No,086/195,$0.02 ,$0.05 ,$0.10 ,0.018867925,0.018867925,0.018867925,0.018867925,0.018867925,0,0,0,0,0,0
Dreepy,Common,No,087/195,$0.05 ,$0.07 ,$0.10 ,0.018867925,0.018867925,0.018867925,0.018867925,0.018867925,0,0,0,0,0,0
Drakloak,Uncommon,No,088/195,$0.06 ,$0.05 ,$0.10 ,0,0,0,0,0,0.017857143,0.017857143,0.017857143,0,0,0
Dragapult,Rare,No,089/195,$0.19 ,—,$0.25 ,0,0,0,0,0,0,0,0,0,0.02252,0
Hisuian Arcanine V,Normal Pokemon V,No,090/195,$0.91 ,—,$1.00 ,0,0,0,0,0,0,0,0,0,0.0077,0
Phanpy,Common,No,091/195,$0.03 ,$0.05 ,$0.10 ,0.018867925,0.018867925,0.018867925,0.018867925,0.018867925,0,0,0,0,0,0
Donphan,Uncommon,No,092/195,$0.04 ,$0.07 ,$0.10 ,0,0,0,0,0,0.017857143,0.017857143,0.017857143,0,0,0
Baltoy,Common,No,093/195,$0.03 ,$0.05 ,$0.10 ,0.018867925,0.018867925,0.018867925,0.018867925,0.018867925,0,0,0,0,0,0
Claydol,Uncommon,No,094/195,$0.05 ,$0.06 ,$0.10 ,0,0,0,0,0,0.017857143,0.017857143,0.017857143,0,0,0
Anorith,Uncommon,No,095/195,$0.03 ,$0.06 ,$0.10 ,0,0,0,0,0,0.017857143,0.017857143,0.017857143,0,0,0
Armaldo,Rare,No,096/195,$0.10 ,$0.12 ,$0.25 ,0,0,0,0,0,0,0,0,0,0.02252,0
Terrakion,Rare,No,097/195,$0.19 ,—,$0.25 ,0,0,0,0,0,0,0,0,0,0.02252,0
Hawlucha,Common,No,098/195,$0.04 ,$0.05 ,$0.10 ,0.018867925,0.018867925,0.018867925,0.018867925,0.018867925,0,0,0,0,0,0
Sandygast,Common,No,099/195,$0.03 ,$0.05 ,$0.10 ,0.018867925,0.018867925,0.018867925,0.018867925,0.018867925,0,0,0,0,0,0
Palossand,Uncommon,No,100/195,$0.04 ,$0.09 ,$0.10 ,0,0,0,0,0,0.017857143,0.017857143,0.017857143,0,0,0
Stonjourner,Uncommon,No,101/195,$0.05 ,$0.07 ,$0.10 ,0,0,0,0,0,0.017857143,0.017857143,0.017857143,0,0,0
Ursaluna V,Normal Pokemon V,No,102/195,$0.65 ,—,$1.00 ,0,0,0,0,0,0,0,0,0,0.0077,0
Zubat,Common,No,103/195,$0.03 ,$0.05 ,$0.10 ,0.018867925,0.018867925,0.018867925,0.018867925,0.018867925,0,0,0,0,0,0
Golbat,Uncommon,No,104/195,$0.05 ,$0.06 ,$0.10 ,0,0,0,0,0,0.017857143,0.017857143,0.017857143,0,0,0
Crobat,Rare,No,105/195,$0.18 ,—,$0.25 ,0,0,0,0,0,0,0,0,0,0.02252,0
Murkrow,Common,No,106/195,$0.05 ,$0.06 ,$0.10 ,0.018867925,0.018867925,0.018867925,0.018867925,0.018867925,0,0,0,0,0,0
Honchkrow,Uncommon,No,107/195,$0.05 ,$0.06 ,$0.10 ,0,0,0,0,0,0.017857143,0.017857143,0.017857143,0,0,0
Skuntank V,Normal Pokemon V,No,108/195,$0.64 ,—,$1.00 ,0,0,0,0,0,0,0,0,0,0.0077,0
Croagunk,Common,No,109/195,$0.03 ,$0.05 ,$0.10 ,0.018867925,0.018867925,0.018867925,0.018867925,0.018867925,0,0,0,0,0,0
Toxicroak,Uncommon,No,110/195,$0.04 ,$0.08 ,$0.10 ,0,0,0,0,0,0.017857143,0.017857143,0.017857143,0,0,0
Sandile,Common,No,111/195,$0.03 ,$0.05 ,$0.10 ,0.018867925,0.018867925,0.018867925,0.018867925,0.018867925,0,0,0,0,0,0
Krokorok,Uncommon,No,112/195,$0.04 ,$0.06 ,$0.10 ,0,0,0,0,0,0.017857143,0.017857143,0.017857143,0,0,0
Krookodile,Rare,No,113/195,$0.15 ,—,$0.25 ,0,0,0,0,0,0,0,0,0,0.02252,0
Mareanie,Common,No,114/195,$0.03 ,$0.05 ,$0.10 ,0.018867925,0.018867925,0.018867925,0.018867925,0.018867925,0,0,0,0,0,0
Toxapex,Uncommon,No,115/195,$0.03 ,$0.08 ,$0.10 ,0,0,0,0,0,0.017857143,0.017857143,0.017857143,0,0,0
Morpeko,Uncommon,No,116/195,$0.04 ,$0.09 ,$0.10 ,0,0,0,0,0,0.017857143,0.017857143,0.017857143,0,0,0
Beldum,Common,No,117/195,$0.04 ,$0.05 ,$0.10 ,0.018867925,0.018867925,0.018867925,0.018867925,0.018867925,0,0,0,0,0,0
Metang,Uncommon,No,118/195,$0.03 ,$0.05 ,$0.10 ,0,0,0,0,0,0.017857143,0.017857143,0.017857143,0,0,0
Metagross,Rare,No,119/195,$0.18 ,—,$0.25 ,0,0,0,0,0,0,0,0,0,0.02252,0
Radiant Jirachi,Radiant Rare,No,120/195,$0.64 ,—,$1.00 ,0,0,0,0,0,0,0,0,0.015166667,0,0
Ferroseed,Common,No,121/195,$0.02 ,$0.05 ,$0.10 ,0.018867925,0.018867925,0.018867925,0.018867925,0.018867925,0,0,0,0,0,0
Ferrothorn,Uncommon,No,122/195,$0.03 ,$0.05 ,$0.10 ,0,0,0,0,0,0.017857143,0.017857143,0.017857143,0,0,0
Klink,Common,No,123/195,$0.04 ,$0.05 ,$0.10 ,0.018867925,0.018867925,0.018867925,0.018867925,0.018867925,0,0,0,0,0,0
Klang,Uncommon,No,124/195,$0.03 ,$0.05 ,$0.10 ,0,0,0,0,0,0.017857143,0.017857143,0.017857143,0,0,0
Klinklang,Rare,No,125/195,$0.15 ,$0.14 ,$0.25 ,0,0,0,0,0,0,0,0,0,0.02252,0
Cobalion,Rare,No,126/195,$0.11 ,$0.15 ,$0.25 ,0,0,0,0,0,0,0,0,0,0.02252,0
Togedemaru,Common,No,127/195,$0.03 ,$0.05 ,$0.10 ,0.018867925,0.018867925,0.018867925,0.018867925,0.018867925,0,0,0,0,0,0
Magearna V,Normal Pokemon V,No,128/195,$0.62 ,—,$1.00 ,0,0,0,0,0,0,0,0,0,0.0077,0
Dratini,Common,No,129/195,$0.05 ,$0.06 ,$0.10 ,0.018867925,0.018867925,0.018867925,0.018867925,0.018867925,0,0,0,0,0,0
Dragonair,Uncommon,No,130/195,$0.04 ,$0.08 ,$0.10 ,0,0,0,0,0,0.017857143,0.017857143,0.017857143,0,0,0
Dragonite,Rare,No,131/195,$0.35 ,—,$0.50 ,0,0,0,0,0,0,0,0,0,0.02252,0
Noibat,Common,No,132/195,$0.04 ,$0.05 ,$0.10 ,0.018867925,0.018867925,0.018867925,0.018867925,0.018867925,0,0,0,0,0,0
Noivern,Rare,No,133/195,$0.14 ,$0.14 ,$0.25 ,0,0,0,0,0,0,0,0,0,0.02252,0
Zygarde,Rare,No,134/195,$0.07 ,$0.10 ,$0.25 ,0,0,0,0,0,0,0,0,0,0.02252,0
Regidrago V,Normal Pokemon V,No,135/195,$0.81 ,—,$1.00 ,0,0,0,0,0,0,0,0,0,0.0077,0
Regidrago VSTAR,Pokemon VMAX or VSTAR,No,136/195,$1.49 ,—,$1.64 ,0,0,0,0,0,0,0,0,0,0.005314286,0
Smeargle,Common,No,137/195,$0.04 ,$0.06 ,$0.10 ,0.018867925,0.018867925,0.018867925,0.018867925,0.018867925,0,0,0,0,0,0
Lugia V,Normal Pokemon V,No,138/195,$4.94 ,—,$5.43 ,0,0,0,0,0,0,0,0,0,0.0077,0
Lugia VSTAR,Pokemon VMAX or VSTAR,No,139/195,$6.64 ,—,$7.30 ,0,0,0,0,0,0,0,0,0,0.005314286,0
Ho-Oh V,Normal Pokemon V,No,140/195,$1.27 ,—,$1.40 ,0,0,0,0,0,0,0,0,0,0.0077,0
Spinda,Common,No,141/195,$0.05 ,$0.05 ,$0.10 ,0.018867925,0.018867925,0.018867925,0.018867925,0.018867925,0,0,0,0,0,0
Swablu,Common,No,142/195,$0.03 ,$0.06 ,$0.10 ,0.018867925,0.018867925,0.018867925,0.018867925,0.018867925,0,0,0,0,0,0
Altaria,Uncommon,No,143/195,$0.04 ,$0.10 ,$0.10 ,0,0,0,0,0,0.017857143,0.017857143,0.017857143,0,0,0
Buneary,Common,No,144/195,$0.03 ,$0.05 ,$0.10 ,0.018867925,0.018867925,0.018867925,0.018867925,0.018867925,0,0,0,0,0,0
Lopunny,Uncommon,No,145/195,$0.05 ,$0.07 ,$0.10 ,0,0,0,0,0,0.017857143,0.017857143,0.017857143,0,0,0
Archen,Uncommon,No,146/195,$0.06 ,$0.09 ,$0.10 ,0,0,0,0,0,0.017857143,0.017857143,0.017857143,0,0,0
Archeops,Rare,No,147/195,$0.32 ,—,$0.50 ,0,0,0,0,0,0,0,0,0,0.02252,0
Rufflet,Common,No,148/195,$0.04 ,$0.05 ,$0.10 ,0.018867925,0.018867925,0.018867925,0.018867925,0.018867925,0,0,0,0,0,0
Hisuian Braviary,Rare,No,149/195,$0.08 ,$0.11 ,$0.25 ,0,0,0,0,0,0,0,0,0,0.02252,0
Fletchling,Common,No,150/195,$0.03 ,$0.05 ,$0.10 ,0.018867925,0.018867925,0.018867925,0.018867925,0.018867925,0,0,0,0,0,0
Brandon,Uncommon,No,151/195,$0.05 ,$0.08 ,$0.10 ,0,0,0,0,0,0.017857143,0.017857143,0.017857143,0,0,0
Candice,Uncommon,No,152/195,$0.10 ,$0.12 ,$0.10 ,0,0,0,0,0,0.017857143,0.017857143,0.017857143,0,0,0
Capturing Aroma,Uncommon,No,153/195,$0.20 ,$0.25 ,$0.25 ,0,0,0,0,0,0.017857143,0.017857143,0.017857143,0,0,0
Earthen Seal Stone,Rare,No,154/195,$0.20 ,—,$0.25 ,0,0,0,0,0,0,0,0,0,0.02252,0
Emergency Jelly,Uncommon,No,155/195,$0.09 ,$0.12 ,$0.10 ,0,0,0,0,0,0.017857143,0.017857143,0.017857143,0,0,0
Forest Seal Stone,Rare,No,156/195,$15.34 ,—,$16.87 ,0,0,0,0,0,0,0,0,0,0.02252,0
Furisode Girl,Uncommon,No,157/195,$0.07 ,$0.10 ,$0.10 ,0,0,0,0,0,0.017857143,0.017857143,0.017857143,0,0,0
Gym Trainer,Uncommon,No,158/195,$0.04 ,$0.06 ,$0.10 ,0,0,0,0,0,0.017857143,0.017857143,0.017857143,0,0,0
Lance,Uncommon,No,159/195,$0.05 ,$0.09 ,$0.10 ,0,0,0,0,0,0.017857143,0.017857143,0.017857143,0,0,0
Leafy Camo Poncho,Uncommon,No,160/195,$0.05 ,$0.10 ,$0.10 ,0,0,0,0,0,0.017857143,0.017857143,0.017857143,0,0,0
Primordial Altar,Uncommon,No,161/195,$0.09 ,$0.10 ,$0.10 ,0,0,0,0,0,0.017857143,0.017857143,0.017857143,0,0,0
Professor Laventon,Uncommon,No,162/195,$0.03 ,$0.08 ,$0.10 ,0,0,0,0,0,0.017857143,0.017857143,0.017857143,0,0,0
Quad Stone,Uncommon,No,163/195,$0.04 ,$0.08 ,$0.10 ,0,0,0,0,0,0.017857143,0.017857143,0.017857143,0,0,0
Serena,Uncommon,No,164/195,$0.17 ,$0.25 ,$0.25 ,0,0,0,0,0,0.017857143,0.017857143,0.017857143,0,0,0
Unidentified Fossil,Uncommon,No,165/195,$0.05 ,$0.07 ,$0.10 ,0,0,0,0,0,0.017857143,0.017857143,0.017857143,0,0,0
Wallace,Uncommon,No,166/195,$0.04 ,$0.08 ,$0.10 ,0,0,0,0,0,0.017857143,0.017857143,0.017857143,0,0,0
Worker,Uncommon,No,167/195,$0.10 ,$0.15 ,$0.10 ,0,0,0,0,0,0.017857143,0.017857143,0.017857143,0,0,0
Regenerative Energy,Uncommon,No,168/195,$0.07 ,$0.10 ,$0.10 ,0,0,0,0,0,0.017857143,0.017857143,0.017857143,0,0,0
V Guard Energy,Uncommon,No,169/195,$0.19 ,$0.22 ,$0.25 ,0,0,0,0,0,0.017857143,0.017857143,0.017857143,0,0,0
Serperior V (Full Art),Full-Art Pokemon V,No,170/195,$1.89 ,—,$2.08 ,0,0,0,0,0,0,0,0,0,0.0015,0
Chesnaught V (Full Art),Full-Art Pokemon V,No,171/195,$1.57 ,—,$1.73 ,0,0,0,0,0,0,0,0,0,0.0015,0
Reshiram V (Full Art),Full-Art Pokemon V,No,172/195,$2.98 ,—,$3.28 ,0,0,0,0,0,0,0,0,0,0.0015,0
Alolan Vulpix V (Full Art),Full-Art Pokemon V,No,173/195,$4.26 ,—,$4.69 ,0,0,0,0,0,0,0,0,0,0.0015,0
Omastar V (Full Art),Full-Art Pokemon V,No,174/195,$1.97 ,—,$2.17 ,0,0,0,0,0,0,0,0,0,0.0015,0
Regieleki V (Full Art),Full-Art Pokemon V,No,175/195,$2.56 ,—,$2.82 ,0,0,0,0,0,0,0,0,0,0.0015,0
Unown V (Full Art),Full-Art Pokemon V,No,176/195,$1.90 ,—,$2.09 ,0,0,0,0,0,0,0,0,0,0.0015,0
Unown V (Alternate Full Art),Alt-Art Pokemon V,No,177/195,$23.18 ,—,$25.50 ,0,0,0,0,0,0,0,0,0,0.0015,0
Mawile V (Full Art),Full-Art Pokemon V,No,178/195,$2.03 ,—,$2.23 ,0,0,0,0,0,0,0,0,0,0.0015,0
Hisuian Arcanine V (Full Art),Full-Art Pokemon V,No,179/195,$3.61 ,—,$3.97 ,0,0,0,0,0,0,0,0,0,0.0015,0
Skuntank V (Full Art),Full-Art Pokemon V,No,180/195,$1.31 ,—,$1.44 ,0,0,0,0,0,0,0,0,0,0.0015,0
Skuntank V (Alternate Full Art),Alt-Art Pokemon V,No,181/195,$8.03 ,—,$8.83 ,0,0,0,0,0,0,0,0,0,0.0015,0
Magearna V (Full Art),Full-Art Pokemon V,No,182/195,$1.55 ,—,$1.71 ,0,0,0,0,0,0,0,0,0,0.0015,0
Regidrago V (Full Art),Full-Art Pokemon V,No,183/195,$2.78 ,—,$3.06 ,0,0,0,0,0,0,0,0,0,0.0015,0
Regidrago V (Alternate Full Art),Alt-Art Pokemon V,No,184/195,$18.23 ,—,$20.05 ,0,0,0,0,0,0,0,0,0,0.0015,0
Lugia V (Full Art),Full-Art Pokemon V,No,185/195,$10.18 ,—,$11.20 ,0,0,0,0,0,0,0,0,0,0.0015,0
Lugia V (Alternate Full Art),Alt-Art Pokemon V,No,186/195,$149.87 ,—,$164.86 ,0,0,0,0,0,0,0,0,0,0.0015,0
Ho-Oh V (Full Art),Full-Art Pokemon V,No,187/195,$4.37 ,—,$4.81 ,0,0,0,0,0,0,0,0,0,0.0015,0
Brandon (Full Art),Full-Art Trainer,No,188/195,$7.31 ,—,$8.04 ,0,0,0,0,0,0,0,0,0,0.0012625,0
Candice (Full Art),Full-Art Trainer,No,189/195,$12.35 ,—,$13.59 ,0,0,0,0,0,0,0,0,0,0.0012625,0
Furisode Girl (Full Art),Full-Art Trainer,No,190/195,$6.98 ,—,$7.68 ,0,0,0,0,0,0,0,0,0,0.0012625,0
Gym Trainer (Full Art),Full-Art Trainer,No,191/195,$1.99 ,—,$2.19 ,0,0,0,0,0,0,0,0,0,0.0012625,0
Lance (Full Art),Full-Art Trainer,No,192/195,$3.27 ,—,$3.60 ,0,0,0,0,0,0,0,0,0,0.0012625,0
Serena (Full Art),Full-Art Trainer,No,193/195,$31.16 ,—,$34.28 ,0,0,0,0,0,0,0,0,0,0.0012625,0
Wallace (Full Art),Full-Art Trainer,No,194/195,$10.29 ,—,$11.32 ,0,0,0,0,0,0,0,0,0,0.0012625,0
Worker (Full Art),Full-Art Trainer,No,195/195,$8.96 ,—,$9.86 ,0,0,0,0,0,0,0,0,0,0.0012625,0
Serperior VSTAR (Secret),Rainbow Rare,No,196/195,$5.19 ,—,$5.71 ,0,0,0,0,0,0,0,0,0,0.0009,0
Alolan Vulpix VSTAR (Secret),Rainbow Rare,No,197/195,$12.74 ,—,$14.01 ,0,0,0,0,0,0,0,0,0,0.0009,0
Regieleki VMAX (Secret),Rainbow Rare,No,198/195,$7.47 ,—,$8.22 ,0,0,0,0,0,0,0,0,0,0.0009,0
Unown VSTAR (Secret),Rainbow Rare,No,199/195,$8.49 ,—,$9.34 ,0,0,0,0,0,0,0,0,0,0.0009,0
Mawile VSTAR (Secret),Rainbow Rare,No,200/195,$5.06 ,—,$5.57 ,0,0,0,0,0,0,0,0,0,0.0009,0
Regidrago VSTAR (Secret),Rainbow Rare,No,201/195,$6.16 ,—,$6.78 ,0,0,0,0,0,0,0,0,0,0.0009,0
Lugia VSTAR (Secret) (202),Rainbow Rare,No,202/195,$28.13 ,—,$30.94 ,0,0,0,0,0,0,0,0,0,0.0009,0
Brandon (Secret),Rainbow Rare,No,203/195,$4.29 ,—,$4.72 ,0,0,0,0,0,0,0,0,0,0.0009,0
Candice (Secret),Rainbow Rare,No,204/195,$6.44 ,—,$7.08 ,0,0,0,0,0,0,0,0,0,0.0009,0
Furisode Girl (Secret),Rainbow Rare,No,205/195,$6.28 ,—,$6.91 ,0,0,0,0,0,0,0,0,0,0.0009,0
Lance (Secret),Rainbow Rare,No,206/195,$4.06 ,—,$4.47 ,0,0,0,0,0,0,0,0,0,0.0009,0
Serena (Secret),Rainbow Rare,No,207/195,$12.32 ,—,$13.55 ,0,0,0,0,0,0,0,0,0,0.0009,0
Wallace (Secret),Rainbow Rare,No,208/195,$4.75 ,—,$5.23 ,0,0,0,0,0,0,0,0,0,0.0009,0
Worker (Secret),Rainbow Rare,No,209/195,$5.34 ,—,$5.87 ,0,0,0,0,0,0,0,0,0,0.0009,0
Serperior VSTAR (Secret) (210),Gold Rare,No,210/195,$4.57 ,—,$5.03 ,0,0,0,0,0,0,0,0,0,0.001566667,0
Lugia VSTAR (Secret) (211),Gold Rare,No,211/195,$15.97 ,—,$17.57 ,0,0,0,0,0,0,0,0,0,0.001566667,0
Energy Switch (Secret),Gold Rare,No,212/195,$2.62 ,—,$2.88 ,0,0,0,0,0,0,0,0,0,0.001566667,0
Gapejaw Bog,Gold Rare,No,213/195,$3.98 ,—,$4.38 ,0,0,0,0,0,0,0,0,0,0.001566667,0
Leafy Camo Poncho (Secret),Gold Rare,No,214/195,$1.56 ,—,$1.72 ,0,0,0,0,0,0,0,0,0,0.001566667,0
V Guard Energy (Secret),Gold Rare,No,215/195,$3.83 ,—,$4.21 ,0,0,0,0,0,0,0,0,0,0.001566667,0
Braixen,Trainer Gallery Non-V Pokemon,No,TG01/TG30,$1.36 ,—,$1.50 ,0,0,0,0,0,0,0,0,0.0075,0,0
Milotic,Trainer Gallery Non-V Pokemon,No,TG02/TG30,$0.87 ,—,$1.00 ,0,0,0,0,0,0,0,0,0.0075,0,0
Flaaffy,Trainer Gallery Non-V Pokemon,No,TG03/TG30,$1.85 ,—,$2.04 ,0,0,0,0,0,0,0,0,0.0075,0,0
Jynx,Trainer Gallery Non-V Pokemon,No,TG04/TG30,$0.67 ,—,$1.00 ,0,0,0,0,0,0,0,0,0.0075,0,0
Gardevoir,Trainer Gallery Non-V Pokemon,No,TG05/TG30,$0.84 ,—,$1.00 ,0,0,0,0,0,0,0,0,0.0075,0,0
Malamar,Trainer Gallery Non-V Pokemon,No,TG06/TG30,$0.59 ,—,$1.00 ,0,0,0,0,0,0,0,0,0.0075,0,0
Rockruff,Trainer Gallery Non-V Pokemon,No,TG07/TG30,$0.78 ,—,$1.00 ,0,0,0,0,0,0,0,0,0.0075,0,0
Passimian,Trainer Gallery Non-V Pokemon,No,TG08/TG30,$0.54 ,—,$1.00 ,0,0,0,0,0,0,0,0,0.0075,0,0
Druddigon,Trainer Gallery Non-V Pokemon,No,TG09/TG30,$0.72 ,—,$1.00 ,0,0,0,0,0,0,0,0,0.0075,0,0
Smeargle,Trainer Gallery Non-V Pokemon,No,TG10/TG30,$0.87 ,—,$1.00 ,0,0,0,0,0,0,0,0,0.0075,0,0
Altaria,Trainer Gallery Non-V Pokemon,No,TG11/TG30,$1.39 ,—,$1.53 ,0,0,0,0,0,0,0,0,0.0075,0,0
Kricketune V,"Trainer Gallery V, VMAX, or Trainer",No,TG12/TG30,$2.47 ,—,$2.72 ,0,0,0,0,0,0,0,0,0.001811765,0,0
Serperior V,"Trainer Gallery V, VMAX, or Trainer",No,TG13/TG30,$9.76 ,—,$10.74 ,0,0,0,0,0,0,0,0,0.001811765,0,0
Blaziken V,"Trainer Gallery V, VMAX, or Trainer",No,TG14/TG30,$9.72 ,—,$10.69 ,0,0,0,0,0,0,0,0,0.001811765,0,0
Blaziken VMAX,"Trainer Gallery V, VMAX, or Trainer",No,TG15/TG30,$10.09 ,—,$11.10 ,0,0,0,0,0,0,0,0,0.001811765,0,0
Zeraora V,"Trainer Gallery V, VMAX, or Trainer",No,TG16/TG30,$5.96 ,—,$6.56 ,0,0,0,0,0,0,0,0,0.001811765,0,0
Mawile V,"Trainer Gallery V, VMAX, or Trainer",No,TG17/TG30,$3.68 ,—,$4.05 ,0,0,0,0,0,0,0,0,0.001811765,0,0
Corviknight V,"Trainer Gallery V, VMAX, or Trainer",No,TG18/TG30,$4.02 ,—,$4.42 ,0,0,0,0,0,0,0,0,0.001811765,0,0
Corviknight VMAX,"Trainer Gallery V, VMAX, or Trainer",No,TG19/TG30,$3.73 ,—,$4.10 ,0,0,0,0,0,0,0,0,0.001811765,0,0
Rayquaza VMAX,"Trainer Gallery V, VMAX, or Trainer",No,TG20/TG30,$33.79 ,—,$37.17 ,0,0,0,0,0,0,0,0,0.001811765,0,0
Duraludon VMAX,"Trainer Gallery V, VMAX, or Trainer",No,TG21/TG30,$8.15 ,—,$8.97 ,0,0,0,0,0,0,0,0,0.001811765,0,0
Blissey V,"Trainer Gallery V, VMAX, or Trainer",No,TG22/TG30,$6.06 ,—,$6.67 ,0,0,0,0,0,0,0,0,0.001811765,0,0
Friends in Galar,"Trainer Gallery V, VMAX, or Trainer",No,TG23/TG30,$12.91 ,—,$14.20 ,0,0,0,0,0,0,0,0,0.001811765,0,0
Gordie,"Trainer Gallery V, VMAX, or Trainer",No,TG24/TG30,$2.06 ,—,$2.27 ,0,0,0,0,0,0,0,0,0.001811765,0,0
Judge,"Trainer Gallery V, VMAX, or Trainer",No,TG25/TG30,$12.19 ,—,$13.41 ,0,0,0,0,0,0,0,0,0.001811765,0,0
Professor Burnet,"Trainer Gallery V, VMAX, or Trainer",No,TG26/TG30,$8.82 ,—,$9.70 ,0,0,0,0,0,0,0,0,0.001811765,0,0
Raihan,"Trainer Gallery V, VMAX, or Trainer",No,TG27/TG30,$3.74 ,—,$4.11 ,0,0,0,0,0,0,0,0,0.001811765,0,0
Sordward & Shielbert,"Trainer Gallery V, VMAX, or Trainer",No,TG28/TG30,$1.52 ,—,$1.67 ,0,0,0,0,0,0,0,0,0.001811765,0,0
Rayquaza VMAX (Secret),Trainer Gallery Gold-and-Black VMAX,No,TG29/TG30,$4.73 ,—,$5.20 ,0,0,0,0,0,0,0,0,0.0045,0,0
Duraludon VMAX (Secret),Trainer Gallery Gold-and-Black VMAX,No,TG30/TG30,$2.14 ,—,$2.35 ,0,0,0,0,0,0,0,0,0.0045,0,0
Code Card - Silver Tempest Booster Pack,Code Card,No,,$0.10 ,$0.10 ,$0.10 ,0,0,0,0,0,0,0,0,0,0,1
Venonat,Common_RH,Yes,RH_001/195,$0.04 ,$0.07 ,$0.25 ,0,0,0,0,0,0,0,0,0.005860563,0,0
Venomoth,Uncommon_RH,Yes,RH_002/195,$0.05 ,$0.08 ,$0.25 ,0,0,0,0,0,0,0,0,0.005860563,0,0
Spinarak,Common_RH,Yes,RH_003/195,$0.02 ,$0.05 ,$0.25 ,0,0,0,0,0,0,0,0,0.005860563,0,0
Ariados,Rare_RH,Yes,RH_004/195,$0.12 ,—,$0.50 ,0,0,0,0,0,0,0,0,0.005860563,0,0
Sunkern,Common_RH,Yes,RH_005/195,$0.03 ,$0.05 ,$0.25 ,0,0,0,0,0,0,0,0,0.005860563,0,0
Sunflora,Uncommon_RH,Yes,RH_006/195,$0.06 ,$0.08 ,$0.25 ,0,0,0,0,0,0,0,0,0.005860563,0,0
Petilil,Common_RH,Yes,RH_009/195,$0.02 ,$0.05 ,$0.25 ,0,0,0,0,0,0,0,0,0.005860563,0,0
Hisuian Lilligant,Rare_RH,Yes,RH_010/195,$0.11 ,$0.12 ,$0.50 ,0,0,0,0,0,0,0,0,0.005860563,0,0
Foongus,Common_RH,Yes,RH_011/195,$0.02 ,$0.05 ,$0.25 ,0,0,0,0,0,0,0,0,0.005860563,0,0
Amoonguss,Rare_RH,Yes,RH_012/195,$0.14 ,$0.14 ,$0.50 ,0,0,0,0,0,0,0,0,0.005860563,0,0
Durant,Common_RH,Yes,RH_013/195,$0.02 ,$0.06 ,$0.25 ,0,0,0,0,0,0,0,0,0.005860563,0,0
Virizion,Rare_RH,Yes,RH_014/195,$0.11 ,$0.13 ,$0.50 ,0,0,0,0,0,0,0,0,0.005860563,0,0
Vulpix,Common_RH,Yes,RH_017/195,$0.03 ,$0.06 ,$0.25 ,0,0,0,0,0,0,0,0,0.005860563,0,0
Ninetales,Uncommon_RH,Yes,RH_018/195,$0.04 ,$0.10 ,$0.25 ,0,0,0,0,0,0,0,0,0.005860563,0,0
Growlithe,Common_RH,Yes,RH_019/195,$0.05 ,$0.06 ,$0.25 ,0,0,0,0,0,0,0,0,0.005860563,0,0
Arcanine,Rare_RH,Yes,RH_020/195,$0.14 ,$0.15 ,$0.50 ,0,0,0,0,0,0,0,0,0.005860563,0,0
Ponyta,Common_RH,Yes,RH_021/195,$0.06 ,$0.07 ,$0.25 ,0,0,0,0,0,0,0,0,0.005860563,0,0
Rapidash,Rare_RH,Yes,RH_022/195,$0.22 ,—,$0.50 ,0,0,0,0,0,0,0,0,0.005860563,0,0
Victini,Rare_RH,Yes,RH_023/195,$0.12 ,$0.12 ,$0.50 ,0,0,0,0,0,0,0,0,0.005860563,0,0
Fennekin,Common_RH,Yes,RH_025/195,$0.04 ,$0.06 ,$0.25 ,0,0,0,0,0,0,0,0,0.005860563,0,0
Braixen,Uncommon_RH,Yes,RH_026/195,$0.04 ,$0.07 ,$0.25 ,0,0,0,0,0,0,0,0,0.005860563,0,0
Delphox,Rare_RH,Yes,RH_027/195,$0.10 ,$0.13 ,$0.50 ,0,0,0,0,0,0,0,0,0.005860563,0,0
Fletchinder,Uncommon_RH,Yes,RH_028/195,$0.04 ,$0.06 ,$0.25 ,0,0,0,0,0,0,0,0,0.005860563,0,0
Talonflame,Rare_RH,Yes,RH_029/195,$0.07 ,$0.12 ,$0.50 ,0,0,0,0,0,0,0,0,0.005860563,0,0
Litten,Common_RH,Yes,RH_030/195,$0.07 ,$0.06 ,$0.25 ,0,0,0,0,0,0,0,0,0.005860563,0,0
Torracat,Uncommon_RH,Yes,RH_031/195,$0.06 ,$0.08 ,$0.25 ,0,0,0,0,0,0,0,0,0.005860563,0,0
Incineroar,Rare_RH,Yes,RH_032/195,$0.12 ,$0.15 ,$0.50 ,0,0,0,0,0,0,0,0,0.005860563,0,0
Articuno,Rare_RH,Yes,RH_036/195,$0.34 ,—,$1.00 ,0,0,0,0,0,0,0,0,0.005860563,0,0
Wailmer,Common_RH,Yes,RH_037/195,$0.04 ,$0.07 ,$0.25 ,0,0,0,0,0,0,0,0,0.005860563,0,0
Wailord,Uncommon_RH,Yes,RH_038/195,$0.06 ,$0.10 ,$0.25 ,0,0,0,0,0,0,0,0,0.005860563,0,0
Feebas,Common_RH,Yes,RH_039/195,$0.05 ,$0.06 ,$0.25 ,0,0,0,0,0,0,0,0,0.005860563,0,0
Milotic,Rare_RH,Yes,RH_040/195,$0.10 ,$0.13 ,$0.50 ,0,0,0,0,0,0,0,0,0.005860563,0,0
Snorunt,Common_RH,Yes,RH_041/195,$0.03 ,$0.05 ,$0.25 ,0,0,0,0,0,0,0,0,0.005860563,0,0
Glalie,Uncommon_RH,Yes,RH_042/195,$0.06 ,$0.08 ,$0.25 ,0,0,0,0,0,0,0,0,0.005860563,0,0
Froslass,Rare_RH,Yes,RH_043/195,$0.07 ,$0.10 ,$0.50 ,0,0,0,0,0,0,0,0,0.005860563,0,0
Relicanth,Common_RH,Yes,RH_044/195,$0.03 ,$0.05 ,$0.25 ,0,0,0,0,0,0,0,0,0.005860563,0,0
Phione,Rare_RH,Yes,RH_045/195,$0.09 ,$0.10 ,$0.50 ,0,0,0,0,0,0,0,0,0.005860563,0,0
Keldeo,Rare_RH,Yes,RH_046/195,$0.07 ,$0.13 ,$0.50 ,0,0,0,0,0,0,0,0,0.005860563,0,0
Dewpider,Common_RH,Yes,RH_047/195,$0.02 ,$0.05 ,$0.25 ,0,0,0,0,0,0,0,0,0.005860563,0,0
Araquanid,Uncommon_RH,Yes,RH_048/195,$0.04 ,$0.06 ,$0.25 ,0,0,0,0,0,0,0,0,0.005860563,0,0
Pikachu,Common_RH,Yes,RH_049/195,$0.07 ,$0.10 ,$0.25 ,0,0,0,0,0,0,0,0,0.005860563,0,0
Raichu,Uncommon_RH,Yes,RH_050/195,$0.06 ,$0.10 ,$0.25 ,0,0,0,0,0,0,0,0,0.005860563,0,0
Chinchou,Common_RH,Yes,RH_051/195,$0.02 ,$0.05 ,$0.25 ,0,0,0,0,0,0,0,0,0.005860563,0,0
Lanturn,Uncommon_RH,Yes,RH_052/195,$0.04 ,$0.08 ,$0.25 ,0,0,0,0,0,0,0,0,0.005860563,0,0
Rotom,Common_RH,Yes,RH_053/195,$0.03 ,$0.05 ,$0.25 ,0,0,0,0,0,0,0,0,0.005860563,0,0
Emolga,Common_RH,Yes,RH_054/195,$0.03 ,$0.05 ,$0.25 ,0,0,0,0,0,0,0,0,0.005860563,0,0
Stunfisk,Common_RH,Yes,RH_055/195,$0.02 ,$0.05 ,$0.25 ,0,0,0,0,0,0,0,0,0.005860563,0,0
Zeraora,Rare_RH,Yes,RH_056/195,$0.17 ,$0.16 ,$0.50 ,0,0,0,0,0,0,0,0,0.005860563,0,0
Drowzee,Common_RH,Yes,RH_060/195,$0.03 ,$0.05 ,$0.25 ,0,0,0,0,0,0,0,0,0.005860563,0,0
Hypno,Uncommon_RH,Yes,RH_061/195,$0.07 ,$0.08 ,$0.25 ,0,0,0,0,0,0,0,0,0.005860563,0,0
Jynx,Uncommon_RH,Yes,RH_062/195,$0.04 ,$0.09 ,$0.25 ,0,0,0,0,0,0,0,0,0.005860563,0,0
Misdreavus,Common_RH,Yes,RH_063/195,$0.05 ,$0.06 ,$0.25 ,0,0,0,0,0,0,0,0,0.005860563,0,0
Mismagius,Rare_RH,Yes,RH_064/195,$0.14 ,$0.15 ,$0.50 ,0,0,0,0,0,0,0,0,0.005860563,0,0
Ralts,Common_RH,Yes,RH_067/195,$0.07 ,$0.10 ,$0.25 ,0,0,0,0,0,0,0,0,0.005860563,0,0
Kirlia,Uncommon_RH,Yes,RH_068/195,$0.30 ,$0.39 ,$1.00 ,0,0,0,0,0,0,0,0,0.005860563,0,0
Gardevoir,Rare_RH,Yes,RH_069/195,$0.09 ,$0.13 ,$0.50 ,0,0,0,0,0,0,0,0,0.005860563,0,0
Meditite,Common_RH,Yes,RH_072/195,$0.04 ,$0.06 ,$0.25 ,0,0,0,0,0,0,0,0,0.005860563,0,0
Medicham,Rare_RH,Yes,RH_073/195,$0.14 ,—,$0.50 ,0,0,0,0,0,0,0,0,0.005860563,0,0
Chimecho,Common_RH,Yes,RH_074/195,$0.03 ,$0.05 ,$0.25 ,0,0,0,0,0,0,0,0,0.005860563,0,0
Sigilyph,Uncommon_RH,Yes,RH_075/195,$0.04 ,$0.07 ,$0.25 ,0,0,0,0,0,0,0,0,0.005860563,0,0
Solosis,Common_RH,Yes,RH_076/195,$0.03 ,$0.05 ,$0.25 ,0,0,0,0,0,0,0,0,0.005860563,0,0
Duosion,Uncommon_RH,Yes,RH_077/195,$0.04 ,$0.05 ,$0.25 ,0,0,0,0,0,0,0,0,0.005860563,0,0
Reuniclus,Rare_RH,Yes,RH_078/195,$0.21 ,—,$0.50 ,0,0,0,0,0,0,0,0,0.005860563,0,0
Elgyem,Common_RH,Yes,RH_079/195,$0.01 ,$0.05 ,$0.25 ,0,0,0,0,0,0,0,0,0.005860563,0,0
Beheeyem,Uncommon_RH,Yes,RH_080/195,$0.04 ,$0.08 ,$0.25 ,0,0,0,0,0,0,0,0,0.005860563,0,0
Espurr,Common_RH,Yes,RH_081/195,$0.02 ,$0.06 ,$0.25 ,0,0,0,0,0,0,0,0,0.005860563,0,0
Meowstic,Uncommon_RH,Yes,RH_082/195,$0.04 ,$0.08 ,$0.25 ,0,0,0,0,0,0,0,0,0.005860563,0,0
Swirlix,Common_RH,Yes,RH_083/195,$0.03 ,$0.05 ,$0.25 ,0,0,0,0,0,0,0,0,0.005860563,0,0
Slurpuff,Uncommon_RH,Yes,RH_084/195,$0.04 ,$0.07 ,$0.25 ,0,0,0,0,0,0,0,0,0.005860563,0,0
Dedenne,Uncommon_RH,Yes,RH_085/195,$0.04 ,$0.08 ,$0.25 ,0,0,0,0,0,0,0,0,0.005860563,0,0
Indeedee,Common_RH,Yes,RH_086/195,$0.02 ,$0.05 ,$0.25 ,0,0,0,0,0,0,0,0,0.005860563,0,0
Dreepy,Common_RH,Yes,RH_087/195,$0.05 ,$0.07 ,$0.25 ,0,0,0,0,0,0,0,0,0.005860563,0,0
Drakloak,Uncommon_RH,Yes,RH_088/195,$0.06 ,$0.05 ,$0.25 ,0,0,0,0,0,0,0,0,0.005860563,0,0
Dragapult,Rare_RH,Yes,RH_089/195,$0.19 ,—,$0.50 ,0,0,0,0,0,0,0,0,0.005860563,0,0
Phanpy,Common_RH,Yes,RH_091/195,$0.03 ,$0.05 ,$0.25 ,0,0,0,0,0,0,0,0,0.005860563,0,0
Donphan,Uncommon_RH,Yes,RH_092/195,$0.04 ,$0.07 ,$0.25 ,0,0,0,0,0,0,0,0,0.005860563,0,0
Baltoy,Common_RH,Yes,RH_093/195,$0.03 ,$0.05 ,$0.25 ,0,0,0,0,0,0,0,0,0.005860563,0,0
Claydol,Uncommon_RH,Yes,RH_094/195,$0.05 ,$0.06 ,$0.25 ,0,0,0,0,0,0,0,0,0.005860563,0,0
Anorith,Uncommon_RH,Yes,RH_095/195,$0.03 ,$0.06 ,$0.25 ,0,0,0,0,0,0,0,0,0.005860563,0,0
Armaldo,Rare_RH,Yes,RH_096/195,$0.10 ,$0.12 ,$0.50 ,0,0,0,0,0,0,0,0,0.005860563,0,0
Terrakion,Rare_RH,Yes,RH_097/195,$0.19 ,—,$0.50 ,0,0,0,0,0,0,0,0,0.005860563,0,0
Hawlucha,Common_RH,Yes,RH_098/195,$0.04 ,$0.05 ,$0.25 ,0,0,0,0,0,0,0,0,0.005860563,0,0
Sandygast,Common_RH,Yes,RH_099/195,$0.03 ,$0.05 ,$0.25 ,0,0,0,0,0,0,0,0,0.005860563,0,0
Palossand,Uncommon_RH,Yes,RH_100/195,$0.04 ,$0.09 ,$0.25 ,0,0,0,0,0,0,0,0,0.005860563,0,0
Stonjourner,Uncommon_RH,Yes,RH_101/195,$0.05 ,$0.07 ,$0.25 ,0,0,0,0,0,0,0,0,0.005860563,0,0
Zubat,Common_RH,Yes,RH_103/195,$0.03 ,$0.05 ,$0.25 ,0,0,0,0,0,0,0,0,0.005860563,0,0
Golbat,Uncommon_RH,Yes,RH_104/195,$0.05 ,$0.06 ,$0.25 ,0,0,0,0,0,0,0,0,0.005860563,0,0
Crobat,Rare_RH,Yes,RH_105/195,$0.18 ,—,$0.50 ,0,0,0,0,0,0,0,0,0.005860563,0,0
Murkrow,Common_RH,Yes,RH_106/195,$0.05 ,$0.06 ,$0.25 ,0,0,0,0,0,0,0,0,0.005860563,0,0
Honchkrow,Uncommon_RH,Yes,RH_107/195,$0.05 ,$0.06 ,$0.25 ,0,0,0,0,0,0,0,0,0.005860563,0,0
Croagunk,Common_RH,Yes,RH_109/195,$0.03 ,$0.05 ,$0.25 ,0,0,0,0,0,0,0,0,0.005860563,0,0
Toxicroak,Uncommon_RH,Yes,RH_110/195,$0.04 ,$0.08 ,$0.25 ,0,0,0,0,0,0,0,0,0.005860563,0,0
Sandile,Common_RH,Yes,RH_111/195,$0.03 ,$0.05 ,$0.25 ,0,0,0,0,0,0,0,0,0.005860563,0,0
Krokorok,Uncommon_RH,Yes,RH_112/195,$0.04 ,$0.06 ,$0.25 ,0,0,0,0,0,0,0,0,0.005860563,0,0
Krookodile,Rare_RH,Yes,RH_113/195,$0.15 ,—,$0.50 ,0,0,0,0,0,0,0,0,0.005860563,0,0
Mareanie,Common_RH,Yes,RH_114/195,$0.03 ,$0.05 ,$0.25 ,0,0,0,0,0,0,0,0,0.005860563,0,0
Toxapex,Uncommon_RH,Yes,RH_115/195,$0.03 ,$0.08 ,$0.25 ,0,0,0,0,0,0,0,0,0.005860563,0,0
Morpeko,Uncommon_RH,Yes,RH_116/195,$0.04 ,$0.09 ,$0.25 ,0,0,0,0,0,0,0,0,0.005860563,0,0
Beldum,Common_RH,Yes,RH_117/195,$0.04 ,$0.05 ,$0.25 ,0,0,0,0,0,0,0,0,0.005860563,0,0
Metang,Uncommon_RH,Yes,RH_118/195,$0.03 ,$0.05 ,$0.25 ,0,0,0,0,0,0,0,0,0.005860563,0,0
Metagross,Rare_RH,Yes,RH_119/195,$0.18 ,—,$0.50 ,0,0,0,0,0,0,0,0,0.005860563,0,0
Ferroseed,Common_RH,Yes,RH_121/195,$0.02 ,$0.05 ,$0.25 ,0,0,0,0,0,0,0,0,0.005860563,0,0
Ferrothorn,Uncommon_RH,Yes,RH_122/195,$0.03 ,$0.05 ,$0.25 ,0,0,0,0,0,0,0,0,0.005860563,0,0
Klink,Common_RH,Yes,RH_123/195,$0.04 ,$0.05 ,$0.25 ,0,0,0,0,0,0,0,0,0.005860563,0,0
Klang,Uncommon_RH,Yes,RH_124/195,$0.03 ,$0.05 ,$0.25 ,0,0,0,0,0,0,0,0,0.005860563,0,0
Klinklang,Rare_RH,Yes,RH_125/195,$0.15 ,$0.14 ,$0.50 ,0,0,0,0,0,0,0,0,0.005860563,0,0
Cobalion,Rare_RH,Yes,RH_126/195,$0.11 ,$0.15 ,$0.50 ,0,0,0,0,0,0,0,0,0.005860563,0,0
Togedemaru,Common_RH,Yes,RH_127/195,$0.03 ,$0.05 ,$0.25 ,0,0,0,0,0,0,0,0,0.005860563,0,0
Dratini,Common_RH,Yes,RH_129/195,$0.05 ,$0.06 ,$0.25 ,0,0,0,0,0,0,0,0,0.005860563,0,0
Dragonair,Uncommon_RH,Yes,RH_130/195,$0.04 ,$0.08 ,$0.25 ,0,0,0,0,0,0,0,0,0.005860563,0,0
Dragonite,Rare_RH,Yes,RH_131/195,$0.35 ,—,$1.00 ,0,0,0,0,0,0,0,0,0.005860563,0,0
Noibat,Common_RH,Yes,RH_132/195,$0.04 ,$0.05 ,$0.25 ,0,0,0,0,0,0,0,0,0.005860563,0,0
Noivern,Rare_RH,Yes,RH_133/195,$0.14 ,$0.14 ,$0.50 ,0,0,0,0,0,0,0,0,0.005860563,0,0
Zygarde,Rare_RH,Yes,RH_134/195,$0.07 ,$0.10 ,$0.50 ,0,0,0,0,0,0,0,0,0.005860563,0,0
Smeargle,Common_RH,Yes,RH_137/195,$0.04 ,$0.06 ,$0.25 ,0,0,0,0,0,0,0,0,0.005860563,0,0
Spinda,Common_RH,Yes,RH_141/195,$0.05 ,$0.05 ,$0.25 ,0,0,0,0,0,0,0,0,0.005860563,0,0
Swablu,Common_RH,Yes,RH_142/195,$0.03 ,$0.06 ,$0.25 ,0,0,0,0,0,0,0,0,0.005860563,0,0
Altaria,Uncommon_RH,Yes,RH_143/195,$0.04 ,$0.10 ,$0.25 ,0,0,0,0,0,0,0,0,0.005860563,0,0
Buneary,Common_RH,Yes,RH_144/195,$0.03 ,$0.05 ,$0.25 ,0,0,0,0,0,0,0,0,0.005860563,0,0
Lopunny,Uncommon_RH,Yes,RH_145/195,$0.05 ,$0.07 ,$0.25 ,0,0,0,0,0,0,0,0,0.005860563,0,0
Archen,Uncommon_RH,Yes,RH_146/195,$0.06 ,$0.09 ,$0.25 ,0,0,0,0,0,0,0,0,0.005860563,0,0
Archeops,Rare_RH,Yes,RH_147/195,$0.32 ,—,$1.00 ,0,0,0,0,0,0,0,0,0.005860563,0,0
Rufflet,Common_RH,Yes,RH_148/195,$0.04 ,$0.05 ,$0.25 ,0,0,0,0,0,0,0,0,0.005860563,0,0
Hisuian Braviary,Rare_RH,Yes,RH_149/195,$0.08 ,$0.11 ,$0.50 ,0,0,0,0,0,0,0,0,0.005860563,0,0
Fletchling,Common_RH,Yes,RH_150/195,$0.03 ,$0.05 ,$0.25 ,0,0,0,0,0,0,0,0,0.005860563,0,0
Brandon,Uncommon_RH,Yes,RH_151/195,$0.05 ,$0.08 ,$0.25 ,0,0,0,0,0,0,0,0,0.005860563,0,0
Candice,Uncommon_RH,Yes,RH_152/195,$0.10 ,$0.12 ,$0.25 ,0,0,0,0,0,0,0,0,0.005860563,0,0
Capturing Aroma,Uncommon_RH,Yes,RH_153/195,$0.20 ,$0.25 ,$0.50 ,0,0,0,0,0,0,0,0,0.005860563,0,0
Emergency Jelly,Uncommon_RH,Yes,RH_155/195,$0.09 ,$0.12 ,$0.25 ,0,0,0,0,0,0,0,0,0.005860563,0,0
Furisode Girl,Uncommon_RH,Yes,RH_157/195,$0.07 ,$0.10 ,$0.25 ,0,0,0,0,0,0,0,0,0.005860563,0,0
Gym Trainer,Uncommon_RH,Yes,RH_158/195,$0.04 ,$0.06 ,$0.25 ,0,0,0,0,0,0,0,0,0.005860563,0,0
Lance,Uncommon_RH,Yes,RH_159/195,$0.05 ,$0.09 ,$0.25 ,0,0,0,0,0,0,0,0,0.005860563,0,0
Leafy Camo Poncho,Uncommon_RH,Yes,RH_160/195,$0.05 ,$0.10 ,$0.25 ,0,0,0,0,0,0,0,0,0.005860563,0,0
Primordial Altar,Uncommon_RH,Yes,RH_161/195,$0.09 ,$0.10 ,$0.25 ,0,0,0,0,0,0,0,0,0.005860563,0,0
Professor Laventon,Uncommon_RH,Yes,RH_162/195,$0.03 ,$0.08 ,$0.25 ,0,0,0,0,0,0,0,0,0.005860563,0,0
Quad Stone,Uncommon_RH,Yes,RH_163/195,$0.04 ,$0.08 ,$0.25 ,0,0,0,0,0,0,0,0,0.005860563,0,0
Serena,Uncommon_RH,Yes,RH_164/195,$0.17 ,$0.25 ,$0.50 ,0,0,0,0,0,0,0,0,0.005860563,0,0
Unidentified Fossil,Uncommon_RH,Yes,RH_165/195,$0.05 ,$0.07 ,$0.25 ,0,0,0,0,0,0,0,0,0.005860563,0,0
Wallace,Uncommon_RH,Yes,RH_166/195,$0.04 ,$0.08 ,$0.25 ,0,0,0,0,0,0,0,0,0.005860563,0,0
Worker,Uncommon_RH,Yes,RH_167/195,$0.10 ,$0.15 ,$0.25 ,0,0,0,0,0,0,0,0,0.005860563,0,0
Regenerative Energy,Uncommon_RH,Yes,RH_168/195,$0.07 ,$0.10 ,$0.25 ,0,0,0,0,0,0,0,0,0.005860563,0,0
V Guard Energy,Uncommon_RH,Yes,RH_169/195,$0.19 ,$0.22 ,$0.50 ,0,0,0,0,0,0,0,0,0.005860563,0,0
